Ref,Val,Package,PosX,PosY,Rot,Side
"MX1","palmE","MXOnly-1U-NoLED",36.322000,-120.904000,0.000000,top
"MX2","C","MXOnly-1U-NoLED",31.496000,-139.954000,0.000000,top
"MX3","Bb","MXOnly-1U-NoLED",36.322000,-159.004000,0.000000,top
"MX4","G#","MXOnly-2U-NoLED",104.140000,-138.430000,0.000000,top
"MX5","LowC#","MXOnly-1U-NoLED",113.030000,-157.480000,0.000000,top
"MX6","LowB","MXOnly-1U-NoLED",93.980000,-157.480000,0.000000,top
"MX7","LowBb","MXOnly-2U-NoLED",104.140000,-176.530000,0.000000,top
"MX9","f","MXOnly-1U-NoLED",72.390000,-76.200000,0.000000,top
"MX10","bis","MXOnly-1U-NoLED",62.230000,-97.790000,0.000000,top
"MX11","l1","MXOnly-1U-NoLED",81.280000,-97.790000,0.000000,top
"MX12","l2","MXOnly-1U-NoLED",72.390000,-116.840000,0.000000,top
"MX13","l3","MXOnly-1U-NoLED",72.390000,-135.890000,0.000000,top
"MX14","r1","MXOnly-1U-NoLED",72.390000,-158.750000,0.000000,top
"MX15","r2","MXOnly-1U-NoLED",72.390000,-177.800000,0.000000,top
"MX16","r3","MXOnly-1U-NoLED",72.390000,-196.850000,0.000000,top
"MX17","palmEb","MXOnly-1U-NoLED",77.470000,-222.250000,-90.000000,top
"MX18","palmD","MXOnly-1U-NoLED",96.520000,-222.250000,-90.000000,top
"MX19","palmF","MXOnly-1U-NoLED",115.570000,-222.250000,-90.000000,top
"MX21","F#","MXOnly-1U-NoLED",50.800000,-193.040000,0.000000,top
"MX22","Eb","MXOnly-1U-NoLED",50.800000,-212.090000,0.000000,top
"MX23","C","MXOnly-1U-NoLED",50.800000,-231.140000,0.000000,top
